CityName,StateName,Count
Miami,FL,713
Houston,TX,699
Fort Lauderdale,FL,549
Dallas,TX,438
Jacksonville,FL,411
Cincinnati,OH,373
Tampa,FL,358
Atlanta,GA,345
New Orleans,LA,340
Memphis,TN,287
Los Angeles,CA,270
Orlando,FL,263
Arlington,TX,254
Cleveland,OH,253
Tallahassee,FL,236
Charlotte,NC,233
Indianapolis,IN,232
Chicago,IL,224
Detroit,MI,218
Baton Rouge,LA,207
Hollywood,FL,198
Nashville,TN,197
Washington,DC,196
Pittsburgh,PA,190
Birmingham,AL,188
San Diego,CA,187
Honolulu,HI,187
Las Vegas,NV,185
Mobile,AL,180
Phoenix,AZ,178
Chatham,VA,176
Fresno,CA,166
San Antonio,TX,164
Dayton,OH,164
Austin,TX,155
Tyler,TX,147
Sacramento,CA,147
Bradenton,FL,145
Fort Worth,TX,144
Mesquite,TX,142
Long Beach,CA,140
Scottsdale,AZ,138
Tulsa,OK,137
Columbus,OH,136
Salt Lake City,UT,136
San Francisco,CA,127
Bakersfield,CA,127
Marietta,GA,127
Missouri City,TX,126
Coffeyville,KS,125
Corona,CA,122
Louisville,KY,120
Virginia Beach,VA,119
Chandler,AZ,117
Oakland,CA,114
Garland,TX,112
Lakeland,FL,112
Philadelphia,PA,112
Suwanee,GA,111
Baltimore,MD,111
Rancho Cucamonga,CA,110
Mission Viejo,CA,108
Stone Mountain,GA,107
Plano,TX,104
Katy,TX,104
Brenham,TX,104
Pompano Beach,FL,104
Pensacola,FL,102
El Dorado,KS,102
Saint Petersburg,FL,100
Oklahoma City,OK,100
Buford,GA,100
Milledgeville,GA,99
West Palm Beach,FL,97
Youngstown,OH,96
Torrance,CA,95
Shreveport,LA,95
Brooklyn,NY,95
Norcross,GA,95
Compton,CA,94
Montgomery,AL,93
Minneapolis,MN,93
Chesapeake,VA,92
DeSoto,TX,90
Denver,CO,90
Littleton,CO,89
Delray Beach,FL,88
Hialeah,FL,88
Hyattsville,MD,88
Richmond,VA,86
Denton,TX,86
Columbus,GA,85
Alpharetta,GA,85
Portland,OR,85
San Jose,CA,84
Gardena,CA,84
Santa Ana,CA,84
Knoxville,TN,84
Akron,OH,82
Seattle,WA,82
Riverside,CA,82
Lafayette,LA,82
Pasadena,CA,81
Allen,TX,80
Tucson,AZ,80
Visalia,CA,79
Lithonia,GA,79
San Marcos,CA,78
Corsicana,TX,77
Cedar Hill,TX,77
Palm Beach Gardens,FL,77
Thousand Oaks,CA,77
Fort Wayne,IN,77
Mesa,AZ,77
Irving,TX,76
Little Rock,AR,76
Miami,OK,76
Grand Rapids,MI,76
Toledo,OH,73
Bellflower,CA,73
Monroe,LA,73
Omaha,NE,73
Saint Paul,MN,72
Glendale,AZ,72
San Mateo,CA,71
Powder Springs,GA,70
Daytona Beach,FL,69
Humble,TX,68
Naples,FL,68
Columbia,SC,68
Waco,TX,67
Harrisburg,PA,67
Mansfield,TX,66
Belle Glade,FL,66
Walnut,CA,66
Southlake,TX,65
Sugar Land,TX,65
El Paso,TX,65
Fort Myers,FL,65
Keller,TX,64
Clearwater,FL,63
Concord,CA,63
Stockton,CA,62
Southfield,MI,61
Tucker,GA,61
Carrollton,TX,60
Elk Grove,CA,60
El Cajon,CA,60
Greensboro,NC,60
Murfreesboro,TN,60
Aurora,CO,60
Fullerton,CA,59
Raleigh,NC,59
Loganville,GA,59
Frisco,TX,58
Durham,NC,58
Kennesaw,GA,58
Valdosta,GA,58
Brentwood,TN,58
Beaumont,TX,57
San Bernardino,CA,57
Decatur,GA,57
Yuma,AZ,57
Richmond,TX,56
Homestead,FL,56
Ephraim,UT,56
Prattville,AL,55
Norwalk,CA,55
Fort Scott,KS,55
Garden City,KS,55
Tyrone,GA,54
Hampton,VA,53
Pflugerville,TX,53
Athens,TX,53
Pearland,TX,53
Ocala,FL,53
Scranton,PA,53
Roswell,GA,53
Ellisville,MS,53
Hutchinson,KS,53
Sarasota,FL,52
Chula Vista,CA,52
Oroville,CA,52
Dodge City,KS,52
Hoover,AL,51
Norfolk,VA,51
Jersey City,NJ,51
Fairburn,GA,51
Grand Prairie,TX,50
Euless,TX,50
Ramsey,NJ,50
Apopka,FL,50
Hampton,GA,50
Snellville,GA,50
Lawrenceville,GA,50
Gilbert,AZ,50
Lakewood,OH,49
Bellevue,WA,49
Orange,CA,49
Jackson,MS,49
Wichita,KS,49
Texarkana,TX,48
Murrieta,CA,48
Fayetteville,NC,48
Kilgore,TX,47
Longview,TX,47
Huntington Beach,CA,47
Rancho Santa Margarita,CA,47
Provo,UT,47
Coppell,TX,46
Lufkin,TX,46
Gainesville,FL,46
Dublin,OH,46
Santa Rosa,CA,46
Lexington,KY,46
Fulton,MS,46
South Jordan,UT,46
Manvel,TX,45
Warren,OH,45
Temecula,CA,45
Buffalo,NY,45
Warner Robins,GA,45
Peoria,AZ,45
Pahokee,FL,44
Pickerington,OH,44
Moreno Valley,CA,44
West Monroe,LA,44
League City,TX,43
Massillon,OH,43
Oceanside,CA,43
Anaheim,CA,43
Orange Park,FL,42
Moorpark,CA,42
District Heights,MD,42
Flower Mound,TX,41
Boca Raton,FL,41
Canton,OH,41
Chino,CA,41
Culver City,CA,41
Jenks,OK,41
Lawton,OK,41
Moultrie,GA,41
Chattanooga,TN,41
Naperville,IL,41
Duncanville,TX,40
Lancaster,TX,40
Tacoma,WA,40
Lancaster,CA,40
Los Alamitos,CA,40
Redlands,CA,40
Edmond,OK,40
Rock Hill,SC,40
Round Rock,TX,39
Princeton,NJ,39
Deerfield Beach,FL,39
Henderson,NV,39
Matthews,NC,39
Council Bluffs,IA,39
Phenix City,AL,38
East Saint Louis,IL,38
Columbia,MO,38
Lincoln,NE,38
Madison,AL,37
Brownsville,TX,37
Fort Pierce,FL,37
Fontana,CA,37
Erie,PA,37
Milwaukee,WI,37
Saint George,UT,37
Tuscaloosa,AL,36
Port Arthur,TX,36
Lake Worth,FL,36
Cape Coral,FL,36
Clovis,CA,36
Danville,CA,36
Upland,CA,36
Santa Monica,CA,36
Lake Charles,LA,36
Garden City,NY,36
Tempe,AZ,36
Pinson,AL,35
Rockwall,TX,35
Melbourne,FL,35
Spokane,WA,35
Sammamish,WA,35
Bloomfield Hills,MI,35
Reno,NV,35
Duncan,SC,35
Monroeville,PA,35
Gainesville,GA,35
Bolingbrook,IL,35
Plant City,FL,34
Largo,FL,34
Hayward,CA,34
Rochester,NY,34
Kingsland,GA,34
Wheaton,IL,34
Thatcher,AZ,34
Daphne,AL,33
Auburn,AL,33
Saint Augustine,FL,33
Reedley,CA,33
New Iberia,LA,33
Douglasville,GA,33
Covington,GA,33
Opelika,AL,32
Florence,AL,32
Richardson,TX,32
Abilene,TX,32
Pleasant Hill,CA,32
Farmington,MI,32
Lilburn,GA,32
Albuquerque,NM,32
Huntsville,AL,31
Dothan,AL,31
Fredericksburg,VA,31
Midland,TX,31
Copperas Cove,TX,31
Killeen,TX,31
Leander,TX,31
Gilmer,TX,31
Springdale,AR,31
Westerville,OH,31
Lakewood,WA,31
Norco,CA,31
Rocklin,CA,31
Greenwood,SC,31
McDonough,GA,31
Eden Prairie,MN,31
Independence,KS,31
Gadsden,AL,30
Camden,NJ,30
Port Saint Lucie,FL,30
Lake City,FL,30
Vero Beach,FL,30
Palm Desert,CA,30
La Mesa,CA,30
Los Altos,CA,30
Broken Arrow,OK,30
Carmel,IN,30
Cartersville,GA,30
Fayetteville,GA,30
Griffin,GA,30
American Fork,UT,30
West Des Moines,IA,30
College Station,TX,29
La Marque,TX,29
Wylie,TX,29
Montvale,NJ,29
Fort Smith,AR,29
Milton,FL,29
Mentor,OH,29
Muskegon,MI,29
Aliquippa,PA,29
Savannah,GA,29
Franklin,TN,29
Joliet,IL,29
Orange,TX,28
Bellaire,TX,28
Friendswood,TX,28
Modesto,CA,28
Cerritos,CA,28
Lakewood,CA,28
Flint,MI,28
Conyers,GA,28
Woodstock,GA,28
Stockbridge,GA,28
Roswell,NM,28
Alexandria,VA,27
Sachse,TX,27
Winter Park,FL,27
Winter Garden,FL,27
Middletown,OH,27
Pittsburg,CA,27
Warren,MI,27
Shelby,NC,27
Greenville,SC,27
Reading,PA,27
Brunswick,GA,27
Augusta,GA,27
Oak Lawn,IL,27
Argyle,TX,26
Oradell,NJ,26
Fort Walton Beach,FL,26
Neptune Beach,FL,26
La Puente,CA,26
La Mirada,CA,26
Covington,LA,26
Bossier City,LA,26
Bastrop,LA,26
Wilmington,NC,26
Anderson,SC,26
Cumming,GA,26
Glen Ellyn,IL,26
Eugene,OR,26
Rosenberg,TX,25
Aledo,TX,25
Conroe,TX,25
Tarpon Springs,FL,25
Lake Mary,FL,25
Cocoa,FL,25
Glendora,CA,25
Mandeville,LA,25
Greenwood,IN,25
Bethlehem,PA,25
Carrollton,GA,25
Overland Park,KS,25
Wilmington,DE,25
Lynchburg,VA,24
Rowlett,TX,24
Baytown,TX,24
Kissimmee,FL,24
Covina,CA,24
Pomona,CA,24
Palmdale,CA,24
Folsom,CA,24
San Juan Capistrano,CA,24
Slidell,LA,24
Ann Arbor,MI,24
Franklin,MI,24
Rome,GA,24
Calhoun,GA,24
Jonesboro,GA,24
Newnan,GA,24
Hoschton,GA,24
Boise,ID,24
Colleyville,TX,23
Newark,NJ,23
Fayetteville,AR,23
Sanford,FL,23
Venice,FL,23
Vancouver,WA,23
Fairfield,CA,23
Ontario,CA,23
Santa Maria,CA,23
San Clemente,CA,23
Norman,OK,23
Concord,NC,23
Sumter,SC,23
Bronx,NY,23
Dallas,GA,23
Colorado Springs,CO,23
Paradise Valley,AZ,23
Hueytown,AL,22
Roanoke,VA,22
Schertz,TX,22
Wichita Falls,TX,22
Paramus,NJ,22
North Little Rock,AR,22
Bentonville,AR,22
Encinitas,CA,22
La Habra,CA,22
Costa Mesa,CA,22
Florence,SC,22
Myrtle Beach,SC,22
Clairton,PA,22
Englewood,CO,22
Newport News,VA,21
North Richland Hills,TX,21
Oviedo,FL,21
Hamilton,OH,21
Bedford,OH,21
Stow,OH,21
Inglewood,CA,21
Carson,CA,21
Moore,OK,21
Columbus,IN,21
Fishers,IN,21
Irmo,SC,21
Spartanburg,SC,21
Acworth,GA,21
Athens,GA,21
Fort Collins,CO,21
Arvada,CO,21
Trussville,AL,20
Converse,TX,20
Waxahachie,TX,20
Trenton,NJ,20
Olympia,WA,20
Salinas,CA,20
El Cerrito,CA,20
North Las Vegas,NV,20
Avon,IN,20
Bamberg,SC,20
Aiken,SC,20
Goose Creek,SC,20
Duluth,GA,20
Smyrna,TN,20
Clarksville,TN,20
Greenbelt,MD,20
Lombard,IL,20
Lake Oswego,OR,20
Rio Rancho,NM,20
Decatur,AL,19
Spanish Fort,AL,19
Galena Park,TX,19
Paris,TX,19
Lewisville,TX,19
Lubbock,TX,19
Cibolo,TX,19
Warren,AR,19
Niceville,FL,19
Simi Valley,CA,19
Oxnard,CA,19
San Leandro,CA,19
Wake Forest,NC,19
Greer,SC,19
Johnstown,PA,19
Fort Valley,GA,19
Riverdale,GA,19
Albany,GA,19
Germantown,TN,19
Goodman,MS,19
Frederick,MD,19
Hinsdale,IL,19
New Lenox,IL,19
Belleville,IL,19
Beaverton,OR,19
Morgantown,WV,19
Iowa City,IA,19
Iowa Falls,IA,19
Meridian,ID,19
Wahpeton,ND,19
Oxford,AL,18
Stephenville,TX,18
Corpus Christi,TX,18
Odessa,TX,18
Hilliard,OH,18
Reynoldsburg,OH,18
Springfield,OH,18
Federal Way,WA,18
Mountain View,CA,18
Loomis,CA,18
Rialto,CA,18
San Jacinto,CA,18
Alexandria,LA,18
Patterson,LA,18
Bowling Green,KY,18
Traverse City,MI,18
Asheville,NC,18
Greenville,NC,18
Havelock,NC,18
Cornelius,NC,18
Mishawaka,IN,18
Syracuse,NY,18
Staten Island,NY,18
Leesburg,GA,18
Dacula,GA,18
Maryville,TN,18
Jackson,TN,18
Lebanon,TN,18
Flossmoor,IL,18
Hartland,WI,18
Waukesha,WI,18
Layton,UT,18
Las Cruces,NM,18
Huntington,WV,18
Highland,KS,18
Manassas,VA,17
Bryan,TX,17
Amarillo,TX,17
Whitehouse,TX,17
Cedar Park,TX,17
Lake Dallas,TX,17
Dade City,FL,17
Green Cove Springs,FL,17
Punta Gorda,FL,17
Kent,WA,17
San Pablo,CA,17
Weed,CA,17
Lawndale,CA,17
Antioch,CA,17
Lutcher,LA,17
Dearborn,MI,17
Monroe,NC,17
South Bend,IN,17
North Charleston,SC,17
North Augusta,SC,17
Canton,GA,17
Hendersonville,TN,17
Plainfield,IL,17
Barrington,IL,17
Madison,WI,17
Cedar Rapids,IA,17
Troy,AL,16
Athens,AL,16
Ennis,TX,16
Panama City,FL,16
Longwood,FL,16
Altamonte Springs,FL,16
Crestview,FL,16
Clayton,OH,16
Solon,OH,16
Puyallup,WA,16
Milpitas,CA,16
Carlsbad,CA,16
Tustin,CA,16
Brentwood,CA,16
Owasso,OK,16
Lansing,MI,16
Laurinburg,NC,16
Blythewood,SC,16
Central,SC,16
Locust Grove,GA,16
Waycross,GA,16
Gaithersburg,MD,16
Elkton,MD,16
Downers Grove,IL,16
Oak Park,IL,16
Rockford,IL,16
Harvey,IL,16
Brookfield,WI,16
Logan,UT,16
Orem,UT,16
Alabaster,AL,15
Fairfax,VA,15
Galveston,TX,15
Grapevine,TX,15
Sulphur Springs,TX,15
Carthage,TX,15
Marshall,TX,15
San Angelo,TX,15
La Porte,TX,15
Temple,TX,15
Lake Wales,FL,15
Sebastian,FL,15
Groveland,FL,15
Palmetto,FL,15
Auburn,WA,15
Monterey Park,CA,15
Santa Barbara,CA,15
Downey,CA,15
Ruston,LA,15
Breaux Bridge,LA,15
Saginaw,MI,15
Grand Blanc,MI,15
Statesville,NC,15
High Point,NC,15
Lancaster,PA,15
Dublin,GA,15
Sandersville,GA,15
Thomasville,GA,15
Douglas,GA,15
Thompson's Station,TN,15
Castle Rock,CO,15
Parker,CO,15
Springfield,IL,15
Palatine,IL,15
Park Ridge,IL,15
Crete,IL,15
Green Bay,WI,15
Lawrence,KS,15
Mission,KS,15
Alexander City,AL,14
Angleton,TX,14
Tatum,TX,14
Brownwood,TX,14
Paterson,NJ,14
Camden,AR,14
Madison,FL,14
Brooksville,FL,14
Palm Bay,FL,14
Camas,WA,14
Placentia,CA,14
Cupertino,CA,14
Perris,CA,14
Richmond,CA,14
Muskogee,OK,14
Novi,MI,14
Jackson,MI,14
Union,SC,14
Charleston,SC,14
Macon,MS,14
Rockville,MD,14
Longmont,CO,14
O'Fallon,IL,14
Aurora,IL,14
La Grange Park,IL,14
Salem,OR,14
Worcester,MA,14
Eagle,ID,14
Suffolk,VA,13
Cuero,TX,13
Newton,TX,13
Hurst,TX,13
Dickinson,TX,13
Forney,TX,13
Prosper,TX,13
Hackensack,NJ,13
Elizabeth,NJ,13
Haddonfield,NJ,13
Dunnellon,FL,13
Titusville,FL,13
Elyria,OH,13
Macedonia,OH,13
Roseville,CA,13
Victorville,CA,13
Calabasas,CA,13
Oakley,CA,13
Crowley,LA,13
Livonia,LA,13
Fort Thomas,KY,13
Belleville,MI,13
Rockingham,NC,13
New Bern,NC,13
Rocky Mount,NC,13
Hope Mills,NC,13
Gastonia,NC,13
Elkhart,IN,13
Brownsburg,IN,13
Lexington,SC,13
Gaffney,SC,13
Saint Matthews,SC,13
Chester,SC,13
Summerville,SC,13
Malvern,PA,13
Washington,PA,13
Coatesville,PA,13
Greensburg,PA,13
Dalton,GA,13
Dawsonville,GA,13
Alcoa,TN,13
Collierville,TN,13
Boulder,CO,13
Libertyville,IL,13
Enterprise,AL,12
Adamsville,AL,12
Foley,AL,12
Eufaula,AL,12
Millbrook,AL,12
Huntsville,TX,12
Dayton,TX,12
Silsbee,TX,12
Manor,TX,12
Kennedale,TX,12
Atlanta,TX,12
Westville,NJ,12
Absecon,NJ,12
New Brunswick,NJ,12
El Dorado,AR,12
Bartow,FL,12
Port Orange,FL,12
Fort Meade,FL,12
Maple Heights,OH,12
Miamisburg,OH,12
Mason,OH,12
Fairfield,OH,12
Everett,WA,12
Bothell,WA,12
Kirkland,WA,12
Vista,CA,12
Lynwood,CA,12
West Covina,CA,12
Tulare,CA,12
Berkeley,CA,12
La Canada Flintridge,CA,12
Buena Park,CA,12
Thibodaux,LA,12
Zachary,LA,12
Mocksville,NC,12
Wilson,NC,12
Lexington,NC,12
Kernersville,NC,12
Clemmons,NC,12
Merrillville,IN,12
Orangeburg,SC,12
Bennettsville,SC,12
Dillon,SC,12
Pottstown,PA,12
Beaver Falls,PA,12
State College,PA,12
Folkston,GA,12
Bainbridge,GA,12
Jefferson,GA,12
Hamilton,GA,12
Flowery Branch,GA,12
Crystal Lake,IL,12
Frankfort,IL,12
Lincolnshire,IL,12
Oswego,IL,12
Lakeville,MN,12
Everett,MA,12
Olathe,KS,12
Topeka,KS,12
Fairhope,AL,11
Harker Heights,TX,11
Belton,TX,11
Navasota,TX,11
Sherman,TX,11
Henderson,TX,11
Somerville,NJ,11
White Hall,AR,11
New Smyrna Beach,FL,11
Bushnell,FL,11
Auburndale,FL,11
Winter Haven,FL,11
Willoughby,OH,11
Lancaster,OH,11
Avon Lake,OH,11
Piqua,OH,11
Colton,CA,11
La Verne,CA,11
Claremont,CA,11
Coalinga,CA,11
Burbank,CA,11
Hammond,LA,11
Plaquemine,LA,11
Walled Lake,MI,11
Sparks,NV,11
Jacksonville,NC,11
Cary,NC,11
Oak Ridge,NC,11
Apex,NC,11
Huntersville,NC,11
Evansville,IN,11
Muncie,IN,11
Lafayette,IN,11
Moncks Corner,SC,11
Conway,SC,11
Hilton Head Island,SC,11
Altoona,PA,11
Statesboro,GA,11
Tifton,GA,11
Monroe,GA,11
Jesup,GA,11
Hinesville,GA,11
Hogansville,GA,11
Jackson,GA,11
Annapolis,MD,11
Chicago Heights,IL,11
Lemont,IL,11
Wilmette,IL,11
Evanston,IL,11
Kenosha,WI,11
Osseo,MN,11
West Linn,OR,11
Bountiful,UT,11
Spanish Fork,UT,11
Pleasant Grove,UT,11
Charleston,WV,11
Cedar Falls,IA,11
Pelham,AL,10
Hutto,TX,10
Jasper,TX,10
Georgetown,TX,10
Crowley,TX,10
Wolfforth,TX,10
The Colony,TX,10
Magnolia,TX,10
Celina,TX,10
Waller,TX,10
Red Bank,NJ,10
Osceola,AR,10
Jonesboro,AR,10
Clermont,FL,10
Haines City,FL,10
Estero,FL,10
Boynton Beach,FL,10
Strongsville,OH,10
Powell,OH,10
Mansfield,OH,10
Hubbard,OH,10
Gig Harbor,WA,10
Kennewick,WA,10
Irvine,CA,10
Escondido,CA,10
Los Gatos,CA,10
Petaluma,CA,10
Vallejo,CA,10
Vacaville,CA,10
Palo Alto,CA,10
Napa,CA,10
Pleasanton,CA,10
Leesville,LA,10
Franklinton,LA,10
Haughton,LA,10
Kentwood,LA,10
Paducah,KY,10
Hopkinsville,KY,10
Shawnee,OK,10
East Lansing,MI,10
Holland,MI,10
Burlington,NC,10
Mebane,NC,10
York,SC,10
Fort Mill,SC,10
Langhorne,PA,10
Murrysville,PA,10
Allentown,PA,10
Canonsburg,PA,10
White Plains,NY,10
New Rochelle,NY,10
Cairo,GA,10
Americus,GA,10
Cordele,GA,10
Columbia,TN,10
Clinton,MS,10
Morris,IL,10
Edwardsville,IL,10
Champaign,IL,10
Hopkins,MN,10
Goodyear,AZ,10
Ogden,UT,10
Herriman,UT,10
Sioux Falls,SD,10
Newark,DE,10
Stevenson,AL,9
Russellville,AL,9
Wetumpka,AL,9
Demopolis,AL,9
Thomasville,AL,9
Attalla,AL,9
Saraland,AL,9
Williamsburg,VA,9
Alvin,TX,9
Jacksonville,TX,9
Tomball,TX,9
Nacogdoches,TX,9
Texas City,TX,9
Burleson,TX,9
Bay City,TX,9
Hightstown,NJ,9
Texarkana,AR,9
Pine Bluff,AR,9
Zephyrhills,FL,9
Palatka,FL,9
Mount Dora,FL,9
Lynn Haven,FL,9
Mayo,FL,9
Marianna,FL,9
Ocoee,FL,9
Frostproof,FL,9
Monticello,FL,9
Deltona,FL,9
Kenton,OH,9
Steubenville,OH,9
Lima,OH,9
Loveland,OH,9
Troy,OH,9
Louisville,OH,9
Pasco,WA,9
Snoqualmie,WA,9
Grass Valley,CA,9
Beverly Hills,CA,9
Walnut Creek,CA,9
Monrovia,CA,9
San Ramon,CA,9
Merced,CA,9
Newport Beach,CA,9
Arcadia,CA,9
Gilroy,CA,9
Redding,CA,9
Glendale,CA,9
Winnfield,LA,9
Houma,LA,9
Donaldsonville,LA,9
Opelousas,LA,9
Many,LA,9
Ardmore,OK,9
Bixby,OK,9
Sterling Heights,MI,9
Battle Creek,MI,9
Oak Park,MI,9
Livonia,MI,9
Utica,MI,9
Ahoskie,NC,9
Garner,NC,9
Camp Hill,PA,9
York,PA,9
Smyrna,GA,9
Vienna,GA,9
Louisville,GA,9
Rossville,GA,9
Bogart,GA,9
Homerville,GA,9
Columbia,MS,9
Loveland,CO,9
Broomfield,CO,9
Mundelein,IL,9
Bloomington,IL,9
Kankakee,IL,9
Elmhurst,IL,9
Oak Creek,WI,9
Racine,WI,9
Thiensville,WI,9
Gresham,OR,9
Wilsonville,OR,9
Parkersburg,WV,9
Bellevue,NE,9
Papillion,NE,9
Bettendorf,IA,9
Shawnee,KS,9
Fairfield,AL,8
Cullman,AL,8
Northport,AL,8
Brewton,AL,8
Muscle Shoals,AL,8
Pleasant Grove,AL,8
Gardendale,AL,8
Elmore,AL,8
Lanett,AL,8
Danville,VA,8
Salem,VA,8
Midlothian,TX,8
Addison,TX,8
Lindale,TX,8
Palestine,TX,8
Terrell,TX,8
Burnet,TX,8
Sealy,TX,8
Pittsburg,TX,8
Daingerfield,TX,8
Hammonton,NJ,8
East Orange,NJ,8
West Memphis,AR,8
Greenwood,AR,8
Russellville,AR,8
Conway,AR,8
Leesburg,FL,8
Winter Springs,FL,8
Arcadia,FL,8
Bunnell,FL,8
Euclid,OH,8
Hudson,OH,8
Newark,OH,8
Medina,OH,8
Aurora,OH,8
Portsmouth,OH,8
Avon,OH,8
Richland,WA,8
Turlock,CA,8
Poway,CA,8
Menlo Park,CA,8
Albany,CA,8
Camarillo,CA,8
Chico,CA,8
Livermore,CA,8
Paramount,CA,8
Santa Fe Springs,CA,8
Hesperia,CA,8
Villa Park,CA,8
Palm Springs,CA,8
Fountain Valley,CA,8
Ponchatoula,LA,8
Baldwin,LA,8
Gonzales,LA,8
Port Allen,LA,8
Stillwater,OK,8
River Rouge,MI,8
Inkster,MI,8
Troy,MI,8
Lake Orion,MI,8
Jamestown,NC,8
Wadesboro,NC,8
Davidson,NC,8
Zionsville,IN,8
Winnsboro,SC,8
Camden,SC,8
Simpsonville,SC,8
Mauldin,SC,8
Manning,SC,8
Mount Pleasant,SC,8
Fairfax,SC,8
Newtown,PA,8
Troy,NY,8
Endicott,NY,8
Forsyth,GA,8
Rochelle,GA,8
Fitzgerald,GA,8
Morristown,TN,8
Oak Ridge,TN,8
Mount Juliet,TN,8
Kingsport,TN,8
Greenwood,MS,8
Indian Head,MD,8
Laurel,MD,8
Peoria,IL,8
Batavia,IL,8
Lake Zurich,IL,8
Woodstock,IL,8
Mount Prospect,IL,8
Waunakee,WI,8
Minnetonka,MN,8
Corvallis,OR,8
Draper,UT,8
Lehi,UT,8
West Jordan,UT,8
Fort Dodge,IA,8
Brockton,MA,8
Kansas City,KS,8
New Castle,DE,8
Selma,AL,7
Aliceville,AL,7
Jackson,AL,7
Bessemer,AL,7
Winchester,VA,7
Buda,TX,7
Justin,TX,7
Giddings,TX,7
Stafford,TX,7
Deer Park,TX,7
Cleburne,TX,7
Arp,TX,7
Kerrville,TX,7
New Braunfels,TX,7
Little Elm,TX,7
Marble Falls,TX,7
Clarksville,TX,7
Denison,TX,7
Jefferson,TX,7
Manasquan,NJ,7
Hoboken,NJ,7
Burlington,NJ,7
Ashdown,AR,7
Saint Cloud,FL,7
New Port Richey,FL,7
Sebring,FL,7
Davenport,FL,7
Gulf Breeze,FL,7
Chardon,OH,7
Xenia,OH,7
Sylvania,OH,7
Orrville,OH,7
Perry,OH,7
Springboro,OH,7
Canfield,OH,7
Yakima,WA,7
Woodinville,WA,7
Steilacoom,WA,7
Goleta,CA,7
Sunnyvale,CA,7
Moraga,CA,7
Seaside,CA,7
Arroyo Grande,CA,7
Haynesville,LA,7
Owensboro,KY,7
Guthrie,OK,7
Enid,OK,7
Mustang,OK,7
Zeeland,MI,7
Westland,MI,7
Wyandotte,MI,7
Rockford,MI,7
Harper Woods,MI,7
Portage,MI,7
Romeo,MI,7
Elizabeth City,NC,7
Indian Trail,NC,7
Noblesville,IN,7
Beaufort,SC,7
Honea Path,SC,7
Mercersburg,PA,7
Pawling,NY,7
Albany,NY,7
Perry,GA,7
Adairsville,GA,7
Elberton,GA,7
Hawkinsville,GA,7
Avondale Estates,GA,7
Lewisburg,TN,7
Brownsville,TN,7
Salisbury,MD,7
Arlington Heights,IL,7
Carol Stream,IL,7
Lake Forest,IL,7
Rochester,IL,7
Prior Lake,MN,7
Burnsville,MN,7
Tolleson,AZ,7
Banks,OR,7
Stamford,CT,7
Martinsburg,WV,7
Ankeny,IA,7
Waukee,IA,7
Des Moines,IA,7
Boston,MA,7
Conway Springs,KS,7
Derby,KS,7
Pocatello,ID,7
Rexburg,ID,7
Toronto,ON,7
Greenville,AL,6
Elba,AL,6
Smiths Station,AL,6
Anniston,AL,6
Dumfries,VA,6
Charlottesville,VA,6
Portsmouth,VA,6
Hitchcock,TX,6
Dripping Springs,TX,6
Crockett,TX,6
Gladewater,TX,6
Hooks,TX,6
Rockdale,TX,6
Cleveland,TX,6
South Houston,TX,6
Bastrop,TX,6
Willis,TX,6
Fairfield,TX,6
Cisco,TX,6
Weatherford,TX,6
Taylor,TX,6
Van,TX,6
Trophy Club,TX,6
El Campo,TX,6
Englewood,NJ,6
Matawan,NJ,6
Millville,NJ,6
Union City,NJ,6
Morrilton,AR,6
Bryant,AR,6
Starke,FL,6
Williston,FL,6
Clewiston,FL,6
Miami Beach,FL,6
Live Oak,FL,6
Alliance,OH,6
Fairborn,OH,6
Marion,OH,6
Saint Henry,OH,6
Findlay,OH,6
Lorain,OH,6
Westlake,OH,6
Edmonds,WA,6
Wenatchee,WA,6
Bellingham,WA,6
Snohomish,WA,6
Orinda,CA,6
Yuba City,CA,6
Manhattan Beach,CA,6
Union City,CA,6
La Quinta,CA,6
Laguna Hills,CA,6
Cypress,CA,6
Santa Clara,CA,6
Lake Forest,CA,6
Santa Clarita,CA,6
Menifee,CA,6
Alhambra,CA,6
Dublin,CA,6
Lake Elsinore,CA,6
Fremont,CA,6
Redondo Beach,CA,6
Saint Francisville,LA,6
Denham Springs,LA,6
Carencro,LA,6
Sulphur,LA,6
Jackson,LA,6
Walker,LA,6
Morgan City,LA,6
Union,KY,6
Somerset,KY,6
Frankfort,KY,6
Glasgow,KY,6
Claremore,OK,6
Grand Haven,MI,6
Chelsea,MI,6
Lapeer,MI,6
Ypsilanti,MI,6
Birmingham,MI,6
Rochester,MI,6
Madison Heights,MI,6
Saline,MI,6
Wendell,NC,6
Tarboro,NC,6
Kannapolis,NC,6
Roxboro,NC,6
Graham,NC,6
Forest City,NC,6
Crown Point,IN,6
Terre Haute,IN,6
Abbeville,SC,6
Lebanon,PA,6
Mechanicsburg,PA,6
Doylestown,PA,6
Lansdale,PA,6
Norristown,PA,6
Williamsport,PA,6
East Stroudsburg,PA,6
Kingston,PA,6
Coraopolis,PA,6
West Chester,PA,6
Downingtown,PA,6
Spring Valley,NY,6
Attica,NY,6
Villa Rica,GA,6
Hephzibah,GA,6
Thomson,GA,6
Bowdon,GA,6
Vidalia,GA,6
Watkinsville,GA,6
Winder,GA,6
Waynesboro,GA,6
Grovetown,GA,6
Ridgely,TN,6
Gallatin,TN,6
Pulaski,TN,6
Louisville,CO,6
Buffalo Grove,IL,6
Rock Island,IL,6
Minooka,IL,6
Romeoville,IL,6
Lake Villa,IL,6
Geneva,IL,6
Kimberly,WI,6
Sun Prairie,WI,6
Neenah,WI,6
Surprise,AZ,6
Smithfield,UT,6
Middletown,CT,6
Bristol,CT,6
Urbandale,IA,6
Newton,KS,6
Pittsburg,KS,6
Dover,DE,6
Middletown,DE,6
Nampa,ID,6
Gillette,WY,6
Anchorage,AK,6
Fayette,AL,5
Jasper,AL,5
Ozark,AL,5
Daleville,AL,5
Valley,AL,5
Luverne,AL,5
Leeds,AL,5
Oneonta,AL,5
Pell City,AL,5
Dadeville,AL,5
Atmore,AL,5
Bedford,VA,5
Amherst,VA,5
Purcellville,VA,5
Lexington,VA,5
Boerne,TX,5
Marlin,TX,5
Wharton,TX,5
Cameron,TX,5
Springtown,TX,5
Mount Pleasant,TX,5
Nederland,TX,5
Royse City,TX,5
Helotes,TX,5
Brownsboro,TX,5
Somerset,TX,5
Liberty,TX,5
La Grange,TX,5
Diboll,TX,5
Refugio,TX,5
Bayonne,NJ,5
Glassboro,NJ,5
Morristown,NJ,5
Long Branch,NJ,5
Woodbury,NJ,5
Rahway,NJ,5
Metuchen,NJ,5
Pennington,NJ,5
Bridgeton,NJ,5
Egg Harbor City,NJ,5
Wynne,AR,5
Magnolia,AR,5
Maumelle,AR,5
Searcy,AR,5
Benton,AR,5
Lake Butler,FL,5
Belleview,FL,5
Jupiter,FL,5
North Miami Beach,FL,5
Panama City Beach,FL,5
Stuart,FL,5
Holland,OH,5
Painesville,OH,5
Sunbury,OH,5
Dresden,OH,5
Twinsburg,OH,5
Groveport,OH,5
Dover,OH,5
Vandalia,OH,5
Lebanon,OH,5
Prosser,WA,5
Mountlake Terrace,WA,5
Pullman,WA,5
Mukilteo,WA,5
Lacey,WA,5
Lynden,WA,5
Kenmore,WA,5
South San Francisco,CA,5
Rohnert Park,CA,5
Daly City,CA,5
Kingsburg,CA,5
Pinole,CA,5
Alameda,CA,5
Sanger,CA,5
Diamond Bar,CA,5
Yorba Linda,CA,5
Marysville,CA,5
Garden Grove,CA,5
American Canyon,CA,5
Eureka,CA,5
Auburn,CA,5
Jonesboro,LA,5
Rayville,LA,5
Pearl River,LA,5
Ferriday,LA,5
Eunice,LA,5
Clinton,LA,5
Jennings,LA,5
Danville,KY,5
Madisonville,KY,5
Georgetown,KY,5
Ada,OK,5
Wagoner,OK,5
Duncan,OK,5
Midland,MI,5
Adrian,MI,5
Brighton,MI,5
Pontiac,MI,5
Tabor City,NC,5
Waxhaw,NC,5
Belmont,NC,5
Thomasville,NC,5
Mooresville,NC,5
Clayton,NC,5
Southern Pines,NC,5
Chesterton,IN,5
Arcadia,IN,5
Bloomington,IN,5
West Lafayette,IN,5
Saint John,IN,5
Plainfield,IN,5
Walterboro,SC,5
Williston,SC,5
Saluda,SC,5
Hermitage,PA,5
New Castle,PA,5
Vandergrift,PA,5
Jeannette,PA,5
Irwin,PA,5
Farrell,PA,5
Easton,PA,5
Webster,NY,5
Washington,GA,5
Gray,GA,5
Twin City,GA,5
Adel,GA,5
Quitman,GA,5
Barnesville,GA,5
Oakwood,GA,5
Richmond Hill,GA,5
Madison,GA,5
Toccoa,GA,5
Lincolnton,GA,5
Thomaston,GA,5
Swainsboro,GA,5
Hiram,GA,5
Paris,TN,5
Milan,TN,5
Arlington,TN,5
Johnson City,TN,5
Cleveland,TN,5
Charleston,MS,5
Middletown,MD,5
Grand Junction,CO,5
Greeley,CO,5
Pueblo,CO,5
Maywood,IL,5
North Chicago,IL,5
Melrose Park,IL,5
Riverside,IL,5
Algonquin,IL,5
La Grange,IL,5
Orland Park,IL,5
Bartlett,IL,5
Saint Charles,IL,5
Sycamore,IL,5
Olympia Fields,IL,5
Roselle,IL,5
Menomonee Falls,WI,5
Menasha,WI,5
Sussex,WI,5
Wales,WI,5
Circle Pines,MN,5
Queen Creek,AZ,5
Oregon City,OR,5
Bend,OR,5
Hyrum,UT,5
New London,CT,5
Norwich,CT,5
Kearney,NE,5
Ames,IA,5
Davenport,IA,5
Mason City,IA,5
Muscatine,IA,5
Marion,IA,5
Solon,IA,5
Manhattan,KS,5
Casper,WY,5
Providence,RI,5
Moody,AL,4
Trinity,AL,4
Evergreen,AL,4
Lincoln,AL,4
Bay Minette,AL,4
Piedmont,AL,4
Morris,AL,4
Lineville,AL,4
Hartselle,AL,4
Fort Payne,AL,4
Orange,VA,4
Hopewell,VA,4
Ashland,VA,4
Culpeper,VA,4
Leesburg,VA,4
Plainview,TX,4
Madisonville,TX,4
Brookshire,TX,4
Mart,TX,4
Mount Vernon,TX,4
Big Spring,TX,4
New Boston,TX,4
Alvarado,TX,4
Livingston,TX,4
Hallsville,TX,4
Canadian,TX,4
Mexia,TX,4
Red Oak,TX,4
Ingleside,TX,4
Hempstead,TX,4
Frankston,TX,4
Wills Point,TX,4
Freehold,NJ,4
Swedesboro,NJ,4
Franklin Lakes,NJ,4
Linwood,NJ,4
Paulsboro,NJ,4
Englishtown,NJ,4
Monticello,AR,4
Rison,AR,4
Hoxie,AR,4
Marion,AR,4
Nashville,AR,4
Havana,FL,4
Crescent City,FL,4
Pembroke Pines,FL,4
Chipley,FL,4
Century,FL,4
Port Saint Joe,FL,4
Eagle Lake,FL,4
Wauchula,FL,4
Newberry,FL,4
Eustis,FL,4
Montverde,FL,4
Coldwater,OH,4
Van Wert,OH,4
Berea,OH,4
Ironton,OH,4
Plain City,OH,4
Wadsworth,OH,4
Cuyahoga Falls,OH,4
Sandusky,OH,4
Clyde,OH,4
Grove City,OH,4
Kent,OH,4
Saint Clairsville,OH,4
Grafton,OH,4
Creston,OH,4
Delaware,OH,4
Chagrin Falls,OH,4
Lisbon,OH,4
Marysville,OH,4
North Olmsted,OH,4
Barberton,OH,4
Ferndale,WA,4
Lynnwood,WA,4
Walla Walla,WA,4
Moses Lake,WA,4
Issaquah,WA,4
Los Banos,CA,4
Brawley,CA,4
Banning,CA,4
Tracy,CA,4
Dana Point,CA,4
Monterey,CA,4
Crescent City,CA,4
San Dimas,CA,4
Lompoc,CA,4
Woodland,CA,4
Hemet,CA,4
El Segundo,CA,4
Independence,LA,4
Natchitoches,LA,4
Abbeville,LA,4
Marksville,LA,4
Homer,LA,4
Farmerville,LA,4
Mamou,LA,4
Stonewall,LA,4
Elizabethtown,KY,4
Versailles,KY,4
Princeton,KY,4
Altus,OK,4
Sapulpa,OK,4
Glenpool,OK,4
Chickasha,OK,4
Sand Springs,OK,4
Choctaw,OK,4
Oologah,OK,4
Kingfisher,OK,4
Collinsville,OK,4
Sallisaw,OK,4
Auburn Hills,MI,4
Monroe,MI,4
Oxford,MI,4
Grand Ledge,MI,4
Grosse Pointe,MI,4
Highland Park,MI,4
Ferndale,MI,4
Melvindale,MI,4
Port Huron,MI,4
Stevensville,MI,4
Berrien Springs,MI,4
Kalamazoo,MI,4
Mount Pleasant,MI,4
Fallon,NV,4
Goldsboro,NC,4
Sanford,NC,4
Raeford,NC,4
Henderson,NC,4
Morganton,NC,4
Shallotte,NC,4
Warsaw,NC,4
Smithfield,NC,4
Lenoir,NC,4
Southport,NC,4
Lincolnton,NC,4
Winterville,NC,4
Hillsborough,NC,4
Norwood,NC,4
Gibsonville,NC,4
Mount Holly,NC,4
Asheboro,NC,4
Gary,IN,4
East Chicago,IN,4
Westfield,IN,4
Lake City,SC,4
Woodruff,SC,4
Chapin,SC,4
Pendleton,SC,4
West Columbia,SC,4
Spring Grove,PA,4
Homestead,PA,4
Pennsburg,PA,4
New Kensington,PA,4
Bethel Park,PA,4
Monessen,PA,4
Edinboro,PA,4
Collegeville,PA,4
Catawissa,PA,4
Mount Carmel,PA,4
Ambler,PA,4
Plymouth,PA,4
Utica,NY,4
Pittsford,NY,4
Alfred,NY,4
Poughkeepsie,NY,4
Ocilla,GA,4
Sylvania,GA,4
Cedartown,GA,4
Darien,GA,4
Camilla,GA,4
Blackshear,GA,4
Cochran,GA,4
Hartwell,GA,4
Mount Airy,GA,4
Donalsonville,GA,4
Greensboro,GA,4
Ashburn,GA,4
Montezuma,GA,4
Millen,GA,4
Blakely,GA,4
Covington,TN,4
Savannah,TN,4
Ripley,TN,4
Greeneville,TN,4
Liberty,MS,4
Canton,MS,4
Bowie,MD,4
Bel Air,MD,4
Windsor,CO,4
Monument,CO,4
Decatur,IL,4
Deerfield,IL,4
Cary,IL,4
Gurnee,IL,4
South Holland,IL,4
Dolton,IL,4
Lisle,IL,4
Normal,IL,4
Hillside,IL,4
Highland,IL,4
Rolling Meadows,IL,4
Bradley,IL,4
Skokie,IL,4
Wausau,WI,4
Middleton,WI,4
Hartford,WI,4
Franklin,WI,4
Janesville,WI,4
Beaver Dam,WI,4
Waconia,MN,4
Mankato,MN,4
Andover,MN,4
Chaska,MN,4
Farmington,MN,4
Hutchinson,MN,4
Rochester,MN,4
Marshall,MN,4
Medford,OR,4
Tualatin,OR,4
Hillsboro,OR,4
Hurricane,UT,4
Tooele,UT,4
Kaysville,UT,4
Brigham City,UT,4
Woods Cross,UT,4
West Haven,CT,4
Hartford,CT,4
Wheeling,WV,4
Grand Island,NE,4
Springfield,MA,4
Gardner,KS,4
Lenexa,KS,4
Idaho Falls,ID,4
Lewiston,ID,4
Fruitland,ID,4
Cheyenne,WY,4
Billings,MT,4
Helena,MT,4
Warwick,RI,4
Guntersville,AL,3
Butler,AL,3
Sulligent,AL,3
Andalusia,AL,3
Cordova,AL,3
Centreville,AL,3
Reform,AL,3
Ashland,AL,3
Calera,AL,3
Tuscumbia,AL,3
Blountsville,AL,3
Citronelle,AL,3
Eutaw,AL,3
Centre,AL,3
Grove Hill,AL,3
Gordo,AL,3
Brundidge,AL,3
Sylacauga,AL,3
Vienna,VA,3
Dublin,VA,3
Stephens City,VA,3
Harrisonburg,VA,3
Petersburg,VA,3
Lawrenceville,VA,3
Smithfield,VA,3
Richlands,VA,3
Wimberley,TX,3
Hearne,TX,3
Mission,TX,3
Johnson City,TX,3
Center,TX,3
Sour Lake,TX,3
Fredericksburg,TX,3
Beeville,TX,3
Bellville,TX,3
Ranger,TX,3
Whitewright,TX,3
Vidor,TX,3
Caddo Mills,TX,3
Freeport,TX,3
Maud,TX,3
Columbus,TX,3
Lexington,TX,3
Lumberton,TX,3
Seguin,TX,3
Sunnyvale,TX,3
Princeton,TX,3
Muenster,TX,3
Pasadena,TX,3
Shallowater,TX,3
Los Fresnos,TX,3
Port Lavaca,TX,3
Portland,TX,3
Greenville,TX,3
Canton,TX,3
Liberty Hill,TX,3
Splendora,TX,3
Commerce,TX,3
Gainesville,TX,3
Pilot Point,TX,3
Graham,TX,3
Port Neches,TX,3
Mineola,TX,3
North Arlington,NJ,3
Penns Grove,NJ,3
Haledon,NJ,3
Bound Brook,NJ,3
Rutherford,NJ,3
Passaic,NJ,3
Plainfield,NJ,3
Summit,NJ,3
Salem,NJ,3
Van Buren,AR,3
Jacksonville,AR,3
Alma,AR,3
Rogers,AR,3
Dardanelle,AR,3
Dumas,AR,3
Arkadelphia,AR,3
Cabot,AR,3
Prescott,AR,3
Blytheville,AR,3
Lepanto,AR,3
Key West,FL,3
Alachua,FL,3
Blountstown,FL,3
Moore Haven,FL,3
Marathon,FL,3
Okeechobee,FL,3
Cross City,FL,3
Quincy,FL,3
Inverness,FL,3
Seminole,FL,3
Cocoa Beach,FL,3
Chiefland,FL,3
Crystal River,FL,3
Maitland,FL,3
North Palm Beach,FL,3
Windermere,FL,3
Washington Court House,OH,3
Wooster,OH,3
Toronto,OH,3
Zanesville,OH,3
Carrollton,OH,3
Whitehouse,OH,3
Tiffin,OH,3
Ravenna,OH,3
Struthers,OH,3
New Albany,OH,3
Lagrange,OH,3
Broadview Heights,OH,3
Harrison,OH,3
Marysville,WA,3
Connell,WA,3
Zillah,WA,3
Renton,WA,3
Enumclaw,WA,3
Lake Stevens,WA,3
Royal City,WA,3
Sumner,WA,3
Brea,CA,3
Barstow,CA,3
Saratoga,CA,3
Novato,CA,3
Aliso Viejo,CA,3
Atherton,CA,3
San Fernando,CA,3
Ukiah,CA,3
Whittier,CA,3
Martinez,CA,3
Amherst,MA,3
Santee,CA,3
Sebastopol,CA,3
Yucaipa,CA,3
Westminster,CA,3
Hanford,CA,3
La Palma,CA,3
Solana Beach,CA,3
Atwater,CA,3
Colfax,CA,3
Ridgecrest,CA,3
South Gate,CA,3
Patterson,CA,3
Mansfield,LA,3
White Castle,LA,3
Westlake,LA,3
Saint Martinville,LA,3
Springhill,LA,3
Berea,KY,3
Louisa,KY,3
Richmond,KY,3
Ashland,KY,3
Shelbyville,KY,3
Murray,KY,3
Alexandria,KY,3
Franklin,KY,3
Coweta,OK,3
Ponca City,OK,3
Bartlesville,OK,3
Spiro,OK,3
Madill,OK,3
Yukon,OK,3
Tuttle,OK,3
Piedmont,OK,3
Prague,OK,3
Allen Park,MI,3
Big Rapids,MI,3
Marshall,MI,3
Ithaca,MI,3
Carleton,MI,3
Standish,MI,3
Saint Joseph,MI,3
Dearborn Heights,MI,3
South Lyon,MI,3
Cadillac,MI,3
Pinckney,MI,3
Greenville,MI,3
Leland,NC,3
Plymouth,NC,3
Salisbury,NC,3
Oakboro,NC,3
Holly Springs,NC,3
Knightdale,NC,3
Albemarle,NC,3
Hickory,NC,3
Newton,NC,3
Brevard,NC,3
Roanoke Rapids,NC,3
Waynesville,NC,3
Randleman,NC,3
Harrisburg,NC,3
Rolesville,NC,3
Beulaville,NC,3
Maiden,NC,3
Valparaiso,IN,3
Pendleton,IN,3
Plymouth,IN,3
Newburgh,IN,3
Michigan City,IN,3
Yorktown,IN,3
New Carlisle,IN,3
Munster,IN,3
Saint Stephen,SC,3
Pageland,SC,3
Cayce,SC,3
Latta,SC,3
Inman,SC,3
Bluffton,SC,3
Laurens,SC,3
Barnwell,SC,3
Ridgeland,SC,3
Monaca,PA,3
Ebensburg,PA,3
Mars,PA,3
Latrobe,PA,3
New Brighton,PA,3
West Mifflin,PA,3
Oil City,PA,3
Chambersburg,PA,3
Jermyn,PA,3
Pen Argyl,PA,3
Tyrone,PA,3
Tamaqua,PA,3
Bridgeville,PA,3
Rochester,PA,3
Manheim,PA,3
Mastic Beach,NY,3
Harrison,NY,3
Nyack,NY,3
Baldwinsville,NY,3
Newburgh,NY,3
Jamestown,NY,3
Morrisville,NY,3
Manlius,NY,3
Lockport,NY,3
Summerville,GA,3
Cleveland,GA,3
Buena Vista,GA,3
Eastman,GA,3
Chatsworth,GA,3
Ringgold,GA,3
Ludowici,GA,3
Elizabethton,TN,3
Union City,TN,3
South Pittsburg,TN,3
Millington,TN,3
Watertown,TN,3
Henderson,TN,3
Clinton,TN,3
Humboldt,TN,3
Somerville,TN,3
Springfield,TN,3
Winona,MS,3
Sykesville,MD,3
Leonardtown,MD,3
Fountain,CO,3
Durango,CO,3
Addison,IL,3
Palos Hills,IL,3
Darien,IL,3
Park Forest,IL,3
Glenview,IL,3
Winnetka,IL,3
Maple Park,IL,3
Dunlap,IL,3
Quincy,IL,3
Country Club Hills,IL,3
Highland Park,IL,3
Chippewa Falls,WI,3
Germantown,WI,3
Schofield,WI,3
Oconomowoc,WI,3
Pewaukee,WI,3
De Pere,WI,3
Grafton,WI,3
Port Washington,WI,3
Cudahy,WI,3
Appleton,WI,3
Caledonia,MN,3
Cottage Grove,MN,3
Owatonna,MN,3
Worthington,MN,3
Rosemount,MN,3
Chanhassen,MN,3
Wayzata,MN,3
Champlin,MN,3
Stillwater,MN,3
Northfield,MN,3
Inver Grove Heights,MN,3
Monticello,MN,3
Buffalo,MN,3
Flagstaff,AZ,3
Sierra Vista,AZ,3
Marana,AZ,3
Avondale,AZ,3
Roseburg,OR,3
Canby,OR,3
Pendleton,OR,3
Albany,OR,3
Hood River,OR,3
Central Point,OR,3
Sherwood,OR,3
Saratoga Springs,UT,3
Bridgeport,CT,3
Ansonia,CT,3
Waterbury,CT,3
Norwalk,CT,3
Artesia,NM,3
Brandon,SD,3
Fairmont,WV,3
Bridgeport,WV,3
Beatrice,NE,3
Gretna,NE,3
Aurora,NE,3
Scottsbluff,NE,3
Norfolk,NE,3
Dubuque,IA,3
Waterloo,IA,3
Sioux City,IA,3
Mount Pleasant,IA,3
La Porte City,IA,3
Johnston,IA,3
Pella,IA,3
Cambridge,MA,3
Lowell,MA,3
Salina,KS,3
Pratt,KS,3
Goodland,KS,3
Maize,KS,3
Abilene,KS,3
Holton,KS,3
Baldwin City,KS,3
Lansing,KS,3
Hays,KS,3
Prairie Village,KS,3
Leawood,KS,3
Milford,DE,3
Butte,MT,3
Heflin,AL,2
Albertville,AL,2
Cedar Bluff,AL,2
Odenville,AL,2
Greensboro,AL,2
Ashville,AL,2
Talladega,AL,2
Opp,AL,2
Dora,AL,2
Columbiana,AL,2
Boaz,AL,2
York,AL,2
Satsuma,AL,2
Montevallo,AL,2
Hayden,AL,2
Springville,AL,2
Linden,AL,2
Jacksonville,AL,2
Tallassee,AL,2
Roanoke,AL,2
Midland City,AL,2
Chickasaw,AL,2
Flomaton,AL,2
Hamilton,AL,2
Scottsboro,AL,2
Robertsdale,AL,2
Georgiana,AL,2
Monroeville,AL,2
New Hope,AL,2
Chelsea,AL,2
Lafayette,AL,2
Sheffield,AL,2
Munford,AL,2
Gretna,VA,2
Warrenton,VA,2
Staunton,VA,2
Blacksburg,VA,2
South Boston,VA,2
Tappahannock,VA,2
Bluefield,VA,2
Herndon,VA,2
Alice,TX,2
Bridgeport,TX,2
Iowa Park,TX,2
Shiner,TX,2
Shepherd,TX,2
Bridge City,TX,2
Kaufman,TX,2
Alto,TX,2
Hillsboro,TX,2
Tenaha,TX,2
Corrigan,TX,2
Cooper,TX,2
Sinton,TX,2
Woodville,TX,2
Crandall,TX,2
Bullard,TX,2
Kirbyville,TX,2
Glen Rose,TX,2
Edna,TX,2
Pottsboro,TX,2
La Vernia,TX,2
Grandview,TX,2
Del Rio,TX,2
Linden,TX,2
Van Alstyne,TX,2
Decatur,TX,2
Munday,TX,2
Edinburg,TX,2
Castroville,TX,2
Canyon,TX,2
East Bernard,TX,2
Comanche,TX,2
Melissa,TX,2
Sweetwater,TX,2
Burkburnett,TX,2
Andrews,TX,2
San Marcos,TX,2
Honey Grove,TX,2
Farmersville,TX,2
Troup,TX,2
Yoakum,TX,2
Ferris,TX,2
Universal City,TX,2
Trinity,TX,2
Elgin,TX,2
Kemp,TX,2
Franklin,TX,2
Lucas,TX,2
Victoria,TX,2
Gatesville,TX,2
Jewett,TX,2
Carteret,NJ,2
Audubon,NJ,2
Phillipsburg,NJ,2
Oakland,NJ,2
Palmyra,NJ,2
Glen Rock,NJ,2
Collingswood,NJ,2
Flemington,NJ,2
Morris Plains,NJ,2
Belmar,NJ,2
South Plainfield,NJ,2
Highland Park,NJ,2
Secaucus,NJ,2
Tenafly,NJ,2
Vineland,NJ,2
Palisades Park,NJ,2
Eatontown,NJ,2
Rumson,NJ,2
Westwood,NJ,2
Little Silver,NJ,2
Keyport,NJ,2
Mountain Lakes,NJ,2
Batesville,AR,2
Hamburg,AR,2
Mayflower,AR,2
Lake Village,AR,2
Lewisville,AR,2
Harrison,AR,2
Malvern,AR,2
Forrest City,AR,2
Heber Springs,AR,2
Sheridan,AR,2
Centerton,AR,2
Smackover,AR,2
Jasper,FL,2
Dunedin,FL,2
Callahan,FL,2
Tavares,FL,2
Trenton,FL,2
Hawthorne,FL,2
Salem,OH,2
Amherst,OH,2
Jefferson,OH,2
Tallmadge,OH,2
Fremont,OH,2
Millersburg,OH,2
Saint Paris,OH,2
Ashtabula,OH,2
North Ridgeville,OH,2
Rossford,OH,2
Bellbrook,OH,2
Oberlin,OH,2
North Royalton,OH,2
Mantua,OH,2
Perrysburg,OH,2
Franklin,OH,2
Girard,OH,2
Germantown,OH,2
Galion,OH,2
Minster,OH,2
Niles,OH,2
Genoa,OH,2
West Milton,OH,2
Bluffton,OH,2
New Middletown,OH,2
Ada,OH,2
Waverly,OH,2
Rockford,OH,2
Chillicothe,OH,2
Pemberville,OH,2
Bucyrus,OH,2
Jackson,OH,2
Norwalk,OH,2
Oxford,OH,2
Richfield,OH,2
Arlington,OH,2
Minerva,OH,2
Monroe,OH,2
Streetsboro,OH,2
Swanton,OH,2
Shelton,WA,2
Redmond,WA,2
Kelso,WA,2
Oak Harbor,WA,2
Port Orchard,WA,2
Cheney,WA,2
Yelm,WA,2
Clarkston,WA,2
Langley,WA,2
Chehalis,WA,2
Rancho Cordova,CA,2
Agoura Hills,CA,2
Pacifica,CA,2
Pacific Grove,CA,2
Santa Cruz,CA,2
Atascadero,CA,2
Chino Hills,CA,2
Lincoln,CA,2
Lemon Grove,CA,2
Apple Valley,CA,2
Dinuba,CA,2
Holtville,CA,2
El Centro,CA,2
Baldwin Park,CA,2
Carpinteria,CA,2
Duarte,CA,2
Sonora,CA,2
Watsonville,CA,2
Larkspur,CA,2
Dixon,CA,2
Laguna Beach,CA,2
Citrus Heights,CA,2
Wildomar,CA,2
Port Barre,LA,2
Coushatta,LA,2
Logansport,LA,2
Pineville,LA,2
Ville Platte,LA,2
Bogalusa,LA,2
Jonesville,LA,2
Brusly,LA,2
Iowa,LA,2
Franklin,LA,2
Kaplan,LA,2
Albany,LA,2
Erath,LA,2
Welsh,LA,2
London,KY,2
Florence,KY,2
Hazard,KY,2
Morgantown,KY,2
Newport,KY,2
Pineville,KY,2
Independence,KY,2
Mayfield,KY,2
Paintsville,KY,2
Maysville,KY,2
Comanche,OK,2
Sulphur,OK,2
Blanchard,OK,2
Eufaula,OK,2
Spencer,OK,2
Tecumseh,OK,2
Beggs,OK,2
Hennessey,OK,2
Jones,OK,2
Alva,OK,2
Vian,OK,2
Pauls Valley,OK,2
Clinton,OK,2
Roland,OK,2
Lone Grove,OK,2
Olivet,MI,2
Tecumseh,MI,2
Hudsonville,MI,2
Dundee,MI,2
Gladstone,MI,2
Alma,MI,2
South Haven,MI,2
Sturgis,MI,2
Saint Clair Shores,MI,2
Yale,MI,2
Montague,MI,2
Bay City,MI,2
Dowagiac,MI,2
Caledonia,MI,2
North Branch,MI,2
Lowell,MI,2
Portland,MI,2
Davison,MI,2
Romulus,MI,2
Saint Johns,MI,2
Mason,MI,2
Rockwood,MI,2
Paw Paw,MI,2
Flushing,MI,2
Mattawan,MI,2
Fenton,MI,2
Plainwell,MI,2
Croswell,MI,2
Montrose,MI,2
Elko,NV,2
Pembroke,NC,2
Boonville,NC,2
Williamston,NC,2
Kinston,NC,2
Chapel Hill,NC,2
Windsor,NC,2
Mount Airy,NC,2
Lewisville,NC,2
Angier,NC,2
Elon,NC,2
Ayden,NC,2
China Grove,NC,2
Pittsboro,NC,2
Hendersonville,NC,2
Reidsville,NC,2
Pinetops,NC,2
Lumberton,NC,2
Farmville,NC,2
Fairmont,NC,2
Canton,NC,2
Whiteville,NC,2
Hudson,NC,2
Beaufort,NC,2
Hobart,IN,2
Trafalgar,IN,2
Jeffersonville,IN,2
Portage,IN,2
Rensselaer,IN,2
Ossian,IN,2
Lebanon,IN,2
Princeton,IN,2
Mount Vernon,IN,2
Kokomo,IN,2
Greentown,IN,2
Ware Shoals,SC,2
Darlington,SC,2
Easley,SC,2
Georgetown,SC,2
Newberry,SC,2
Cheraw,SC,2
Johnsonville,SC,2
Johnston,SC,2
Hartsville,SC,2
Mullins,SC,2
Kershaw,SC,2
Ninety Six,SC,2
Franklin,PA,2
Stroudsburg,PA,2
Slatington,PA,2
West Grove,PA,2
Leetsdale,PA,2
Palmyra,PA,2
Lehighton,PA,2
Northampton,PA,2
Lansdowne,PA,2
Red Lion,PA,2
Pittston,PA,2
Hummelstown,PA,2
Clearfield,PA,2
Ligonier,PA,2
Berwick,PA,2
Saxonburg,PA,2
New Wilmington,PA,2
Schuylkill Haven,PA,2
Uniontown,PA,2
Carlisle,PA,2
Boyertown,PA,2
Nazareth,PA,2
Kennett Square,PA,2
Pottsville,PA,2
Millersville,PA,2
Sharon,PA,2
Perkasie,PA,2
Slippery Rock,PA,2
Dallas,PA,2
Whitehall,PA,2
Clarks Summit,PA,2
Kittanning,PA,2
Archbald,PA,2
Du Bois,PA,2
Belle Vernon,PA,2
Emmaus,PA,2
Chester,PA,2
Meadville,PA,2
Beaver,PA,2
Churchville,NY,2
Orchard Park,NY,2
Glen Cove,NY,2
Depew,NY,2
Niagara Falls,NY,2
Auburn,NY,2
Albion,NY,2
Farmingdale,NY,2
Johnson City,NY,2
Binghamton,NY,2
Fairport,NY,2
Central Square,NY,2
Baxley,GA,2
Sylvester,GA,2
Cuthbert,GA,2
Morrow,GA,2
Austell,GA,2
Wrightsville,GA,2
Alma,GA,2
Dawson,GA,2
Lakeland,GA,2
Manchester,TN,2
Bristol,TN,2
Harriman,TN,2
Brighton,TN,2
Lookout Mountain,TN,2
Bolivar,TN,2
Alamo,TN,2
Huntingdon,TN,2
Dyersburg,TN,2
Munford,TN,2
Signal Mountain,TN,2
Nolensville,TN,2
Cookeville,TN,2
Sevierville,TN,2
Lexington,TN,2
Dandridge,TN,2
Fayetteville,TN,2
Newport,TN,2
Carthage,MS,2
La Plata,MD,2
Cumberland,MD,2
Aberdeen,MD,2
Kensington,MD,2
Fort Morgan,CO,2
Buena Vista,CO,2
Fruita,CO,2
Steamboat Springs,CO,2
Mahomet,IL,2
Pontiac,IL,2
Waukegan,IL,2
Freeport,IL,2
Vernon Hills,IL,2
Richmond,IL,2
Schaumburg,IL,2
Danville,IL,2
Chatham,IL,2
Jacksonville,IL,2
Charleston,IL,2
Metamora,IL,2
Oak Forest,IL,2
West Chicago,IL,2
Ottawa,IL,2
River Grove,IL,2
Palos Heights,IL,2
Elgin,IL,2
Lockport,IL,2
Jackson,MO,2
Kaukauna,WI,2
Brodhead,WI,2
Platteville,WI,2
New Berlin,WI,2
Somerset,WI,2
Little Chute,WI,2
Jefferson,WI,2
Ladysmith,WI,2
Merrill,WI,2
Milton,WI,2
Mukwonago,WI,2
Greendale,WI,2
Seymour,WI,2
Edgar,WI,2
Hilbert,WI,2
Berlin,WI,2
Lancaster,WI,2
Stevens Point,WI,2
Slinger,WI,2
Beloit,WI,2
Baraboo,WI,2
Burlington,WI,2
Hudson,WI,2
West Bend,WI,2
Big Lake,MN,2
Alexandria,MN,2
Sartell,MN,2
Victoria,MN,2
Fergus Falls,MN,2
Virginia,MN,2
South Saint Paul,MN,2
Perham,MN,2
West Point,NY,2
Delano,MN,2
Becker,MN,2
Albertville,MN,2
Red Wing,MN,2
Blue Earth,MN,2
Apache Junction,AZ,2
Florence,AZ,2
Show Low,AZ,2
Benson,AZ,2
Casa Grande,AZ,2
Lebanon,OR,2
Ontario,OR,2
Newberg,OR,2
Eagle Point,OR,2
Newport,OR,2
Independence,OR,2
The Dalles,OR,2
North Bend,OR,2
Sandy,OR,2
Salem,UT,2
Springville,UT,2
Syracuse,UT,2
Park City,UT,2
Mount Pleasant,UT,2
Payson,UT,2
Riverton,UT,2
Midvale,UT,2
New Haven,CT,2
Hatch,NM,2
Carlsbad,NM,2
Los Lunas,NM,2
Parkston,SD,2
Keyser,WV,2
Weirton,WV,2
Beckley,WV,2
Point Pleasant,WV,2
Crete,NE,2
Ashland,NE,2
Blair,NE,2
Indianola,IA,2
Atlantic,IA,2
New Hampton,IA,2
Creston,IA,2
Decorah,IA,2
Waukon,IA,2
Gilbert,IA,2
Harlan,IA,2
Humboldt,IA,2
Moville,IA,2
Hartley,IA,2
Van Meter,IA,2
Woburn,MA,2
Somerville,MA,2
Leominster,MA,2
Malden,MA,2
Girard,KS,2
Mulvane,KS,2
Marysville,KS,2
Andover,KS,2
Rose Hill,KS,2
Liberal,KS,2
Silver Lake,KS,2
Basehor,KS,2
Cherryvale,KS,2
Great Bend,KS,2
Ulysses,KS,2
La Cygne,KS,2
Nashua,NH,2
Saint Anthony,ID,2
Rathdrum,ID,2
Caldwell,ID,2
Buffalo,WY,2
Glenrock,WY,2
Green River,WY,2
Palmer,AK,2
Kalispell,MT,2
Newport,RI,2
Fargo,ND,2
Minot,ND,2
Haleyville,AL,1
Cottonwood,AL,1
Tuskegee,AL,1
Camden,AL,1
Ashford,AL,1
Jemison,AL,1
Berry,AL,1
Brookwood,AL,1
Clayton,AL,1
Deatsville,AL,1
Clanton,AL,1
Eclectic,AL,1
Helena,AL,1
Rainsville,AL,1
Rogersville,AL,1
Fyffe,AL,1
Moundville,AL,1
Moulton,AL,1
Abbeville,AL,1
Harpersville,AL,1
Bridgewater,VA,1
Pearisburg,VA,1
Tazewell,VA,1
Galax,VA,1
Rocky Mount,VA,1
Bristol,VA,1
Colonial Heights,VA,1
Wytheville,VA,1
Altavista,VA,1
Farmville,VA,1
Covington,VA,1
Franklin,VA,1
Appomattox,VA,1
Haymarket,VA,1
Courtland,VA,1
Abingdon,VA,1
Christiansburg,VA,1
Front Royal,VA,1
Broadway,VA,1
Henrietta,TX,1
Needville,TX,1
Emory,TX,1
Leonard,TX,1
Childress,TX,1
Clute,TX,1
Aransas Pass,TX,1
Granbury,TX,1
Big Lake,TX,1
Collinsville,TX,1
Goliad,TX,1
Mabank,TX,1
Edcouch,TX,1
Muleshoe,TX,1
Robert Lee,TX,1
Quitman,TX,1
Maypearl,TX,1
Stamford,TX,1
Elkhart,TX,1
Hallettsville,TX,1
Uvalde,TX,1
Van Horn,TX,1
Roscoe,TX,1
Palacios,TX,1
Vernon,TX,1
Floresville,TX,1
Somerville,TX,1
Devine,TX,1
Hereford,TX,1
Falfurrias,TX,1
Sonora,TX,1
Edgewood,TX,1
Early,TX,1
Pleasanton,TX,1
Wellington,TX,1
Merkel,TX,1
Haslet,TX,1
Gunter,TX,1
Waskom,TX,1
Kenedy,TX,1
Aubrey,TX,1
Marion,TX,1
De Leon,TX,1
Kountze,TX,1
Godley,TX,1
Jarrell,TX,1
Azle,TX,1
Weimar,TX,1
Big Sandy,TX,1
Groesbeck,TX,1
Seminole,TX,1
Idalou,TX,1
Bonham,TX,1
White Oak,TX,1
Brackettville,TX,1
Lampasas,TX,1
Electra,TX,1
Bangs,TX,1
Rosebud,TX,1
Ganado,TX,1
Caldwell,TX,1
Kyle,TX,1
Boyd,TX,1
Eastland,TX,1
Mineral Wells,TX,1
Snyder,TX,1
Sanger,TX,1
Borger,TX,1
Queen City,TX,1
Spearman,TX,1
Groveton,TX,1
Santa Anna,TX,1
Rusk,TX,1
Hamilton,TX,1
Waldwick,NJ,1
Allendale,NJ,1
Roselle,NJ,1
Sussex,NJ,1
Cape May,NJ,1
Dover,NJ,1
Point Pleasant Beach,NJ,1
Demarest,NJ,1
Fair Haven,NJ,1
Allentown,NJ,1
Asbury Park,NJ,1
Hopatcong,NJ,1
Pompton Lakes,NJ,1
Wanaque,NJ,1
Caldwell,NJ,1
Belvidere,NJ,1
West New York,NJ,1
Butler,NJ,1
Elmwood Park,NJ,1
Buena,NJ,1
Somerdale,NJ,1
Merchantville,NJ,1
Pleasantville,NJ,1
Bergenfield,NJ,1
South Amboy,NJ,1
Ocean City,NJ,1
Harrington Park,NJ,1
Madison,NJ,1
Leonia,NJ,1
Bernardsville,NJ,1
Atlantic City,NJ,1
Clementon,NJ,1
Linden,NJ,1
Park Ridge,NJ,1
Pocahontas,AR,1
Hazen,AR,1
Trumann,AR,1
Crossett,AR,1
De Witt,AR,1
Newport,AR,1
Des Arc,AR,1
Harrisburg,AR,1
Lonoke,AR,1
Sherwood,AR,1
Paris,AR,1
Paragould,AR,1
De Queen,AR,1
Cave City,AR,1
Charleston,AR,1
Corning,AR,1
Siloam Springs,AR,1
Hope,AR,1
Star City,AR,1
Prairie Grove,AR,1
Lamar,AR,1
Yellville,AR,1
Stuttgart,AR,1
England,AR,1
Bald Knob,AR,1
Pottsville,AR,1
Greenbrier,AR,1
Ozark,AR,1
Mountain Home,AR,1
Marianna,AR,1
Coral Gables,FL,1
Umatilla,FL,1
Interlachen,FL,1
Perry,FL,1
Fernandina Beach,FL,1
Ormond Beach,FL,1
Graceville,FL,1
North Port,FL,1
Orange City,FL,1
Mulberry,FL,1
Lake Alfred,FL,1
Palm Coast,FL,1
Hilliard,FL,1
Satellite Beach,FL,1
Bellaire,OH,1
Ottawa,OH,1
Eastlake,OH,1
Urbana,OH,1
Canal Fulton,OH,1
Fostoria,OH,1
Vermilion,OH,1
Paulding,OH,1
Baltimore,OH,1
Coshocton,OH,1
Huron,OH,1
Rittman,OH,1
Tipp City,OH,1
Navarre,OH,1
North Lewisburg,OH,1
Wauseon,OH,1
Convoy,OH,1
Gates Mills,OH,1
New Philadelphia,OH,1
New Concord,OH,1
Bellefontaine,OH,1
Beachwood,OH,1
South Point,OH,1
Cadiz,OH,1
Nelsonville,OH,1
Marietta,OH,1
Cambridge,OH,1
South Charleston,OH,1
Liberty Center,OH,1
Eaton,OH,1
Carey,OH,1
Smithville,OH,1
Canal Winchester,OH,1
Piketon,OH,1
Spencerville,OH,1
Greenville,OH,1
Shadyside,OH,1
Anna,OH,1
Wellington,OH,1
Mount Vernon,OH,1
Rocky River,OH,1
Milford,OH,1
London,OH,1
Leipsic,OH,1
Elmore,OH,1
Byesville,OH,1
Delphos,OH,1
Lodi,OH,1
Sugarcreek,OH,1
Johnstown,OH,1
Columbiana,OH,1
Fort Recovery,OH,1
Jamestown,OH,1
Garrettsville,OH,1
West Lafayette,OH,1
Wellston,OH,1
Oak Hill,OH,1
Pataskala,OH,1
Union City,OH,1
Doylestown,OH,1
Maumee,OH,1
Bellevue,OH,1
Orting,WA,1
Maple Valley,WA,1
Castle Rock,WA,1
Stanwood,WA,1
Duvall,WA,1
Newport,WA,1
Bremerton,WA,1
Asotin,WA,1
Ridgefield,WA,1
East Wenatchee,WA,1
Woodland,WA,1
Bainbridge Island,WA,1
Sultan,WA,1
Monroe,WA,1
Mercer Island,WA,1
Blaine,WA,1
Everson,WA,1
Sequim,WA,1
Poulsbo,WA,1
Battle Ground,WA,1
Lemoore,CA,1
Hermosa Beach,CA,1
Ceres,CA,1
Sonoma,CA,1
Montclair,CA,1
Temple City,CA,1
Greenfield,CA,1
Lakeport,CA,1
Placerville,CA,1
Redwood City,CA,1
West Sacramento,CA,1
Lodi,CA,1
Calipatria,CA,1
Imperial,CA,1
Morgan Hill,CA,1
Imperial Beach,CA,1
Lindsay,CA,1
Belmont,CA,1
Windsor,CA,1
Morro Bay,CA,1
South Pasadena,CA,1
Paradise,CA,1
Dos Palos,CA,1
Indio,CA,1
Cathedral City,CA,1
Marina,CA,1
San Luis Obispo,CA,1
Scotts Valley,CA,1
Tehachapi,CA,1
Lafayette,CA,1
Wasco,CA,1
Saint Helena,CA,1
Hollister,CA,1
Rio Vista,CA,1
Needles,CA,1
Gridley,CA,1
Bishop,CA,1
Hawthorne,CA,1
San Marino,CA,1
Malibu,CA,1
Fowler,CA,1
Porterville,CA,1
Taft,CA,1
Davis,CA,1
Wheatland,CA,1
Jackson,CA,1
Galt,CA,1
Elton,LA,1
Jeanerette,LA,1
Sibley,LA,1
Winnsboro,LA,1
New Roads,LA,1
Oakdale,LA,1
Bunkie,LA,1
Delhi,LA,1
Youngsville,LA,1
Arnaudville,LA,1
Oak Grove,LA,1
Baker,LA,1
Arcadia,LA,1
Vidalia,LA,1
Cadiz,KY,1
Brandenburg,KY,1
Covington,KY,1
Radcliff,KY,1
Harlan,KY,1
Paris,KY,1
Jackson,KY,1
Henderson,KY,1
Russell Springs,KY,1
Nicholasville,KY,1
Hodgenville,KY,1
Winchester,KY,1
Russellville,KY,1
Prestonsburg,KY,1
Manchester,KY,1
Campbellsville,KY,1
Morehead,KY,1
Lawrenceburg,KY,1
Commerce,OK,1
Pawnee,OK,1
Boise City,OK,1
Salina,OK,1
Nowata,OK,1
Tonkawa,OK,1
Luther,OK,1
Noble,OK,1
Perry,OK,1
Frederick,OK,1
Fort Gibson,OK,1
Anadarko,OK,1
Broken Bow,OK,1
Lexington,OK,1
Stroud,OK,1
Hollis,OK,1
Harrah,OK,1
Checotah,OK,1
Idabel,OK,1
Locust Grove,OK,1
Tahlequah,OK,1
Hooker,OK,1
Durant,OK,1
Apache,OK,1
Marietta,OK,1
Bethany,OK,1
Meeker,OK,1
Hominy,OK,1
Wynnewood,OK,1
Cache,OK,1
Sperry,OK,1
Weatherford,OK,1
Vinita,OK,1
Marlow,OK,1
Okmulgee,OK,1
Ionia,MI,1
Centreville,MI,1
Litchfield,MI,1
Royal Oak,MI,1
Mancelona,MI,1
Milan,MI,1
Durand,MI,1
Fraser,MI,1
West Branch,MI,1
Athens,MI,1
Williamston,MI,1
Corunna,MI,1
Essexville,MI,1
Bridgman,MI,1
Harbor Springs,MI,1
Ishpeming,MI,1
Almont,MI,1
Fruitport,MI,1
New Haven,MI,1
Taylor,MI,1
Ortonville,MI,1
Whitehall,MI,1
Vicksburg,MI,1
Chesaning,MI,1
Charlevoix,MI,1
Baldwin,MI,1
Coldwater,MI,1
Northville,MI,1
Flat Rock,MI,1
Alpena,MI,1
Berkley,MI,1
Clinton,MI,1
Howell,MI,1
Manchester,MI,1
Mount Morris,MI,1
Saint Ignace,MI,1
Allegan,MI,1
Petoskey,MI,1
Linden,MI,1
Bellevue,MI,1
Owosso,MI,1
Marine City,MI,1
Millington,MI,1
Auburn,MI,1
Grandville,MI,1
Goodrich,MI,1
Charlotte,MI,1
Fernley,NV,1
Carlin,NV,1
Kenly,NC,1
Ramseur,NC,1
Bethel,NC,1
Rowland,NC,1
Clinton,NC,1
Valdese,NC,1
Mount Gilead,NC,1
Yanceyville,NC,1
Lake Waccamaw,NC,1
La Grange,NC,1
Boone,NC,1
Morehead City,NC,1
Swansboro,NC,1
Edenton,NC,1
Dallas,NC,1
Elizabethtown,NC,1
Siler City,NC,1
North Wilkesboro,NC,1
Gaston,NC,1
Manteo,NC,1
Taylorsville,NC,1
Oxford,NC,1
King,NC,1
Princeton,NC,1
Carrboro,NC,1
Black Mountain,NC,1
Mount Pleasant,NC,1
Bayboro,NC,1
Marshville,NC,1
Robersonville,NC,1
Franklin,NC,1
Lillington,NC,1
Cherryville,NC,1
Weldon,NC,1
Spencer,NC,1
Kings Mountain,NC,1
Four Oaks,NC,1
Dunn,NC,1
Red Springs,NC,1
Louisburg,NC,1
Robbins,NC,1
Jasper,IN,1
Monon,IN,1
Sheridan,IN,1
New Haven,IN,1
Tipton,IN,1
Mooresville,IN,1
Charlestown,IN,1
Lowell,IN,1
Milan,IN,1
Elwood,IN,1
Culver,IN,1
Richmond,IN,1
Syracuse,IN,1
Bremen,IN,1
Huntington,IN,1
Beech Grove,IN,1
Franklin,IN,1
Danville,IN,1
Winchester,IN,1
Bluffton,IN,1
Ellettsville,IN,1
New Palestine,IN,1
Columbia City,IN,1
Poseyville,IN,1
Goshen,IN,1
Vincennes,IN,1
Warsaw,IN,1
Whiteland,IN,1
New Castle,IN,1
Martinsville,IN,1
Marion,IN,1
Walkerton,IN,1
Nappanee,IN,1
Pickens,SC,1
Clover,SC,1
Pamplico,SC,1
Landrum,SC,1
Blacksburg,SC,1
Walhalla,SC,1
Timmonsville,SC,1
Loris,SC,1
Hampton,SC,1
Seneca,SC,1
Connellsville,PA,1
Springdale,PA,1
Portage,PA,1
Cambridge Springs,PA,1
Carnegie,PA,1
Hollidaysburg,PA,1
Dallastown,PA,1
Taylor,PA,1
Robesonia,PA,1
Elizabeth,PA,1
Indiana,PA,1
Mahanoy City,PA,1
Phoenixville,PA,1
Cochranton,PA,1
New Freedom,PA,1
Quakertown,PA,1
Windber,PA,1
Bellefonte,PA,1
Milton,PA,1
Knox,PA,1
Mount Pleasant,PA,1
Media,PA,1
Lititz,PA,1
Sharpsville,PA,1
Hellertown,PA,1
Hawley,PA,1
Bangor,PA,1
Clymer,PA,1
Clarion,PA,1
Lansford,PA,1
North East,PA,1
Boswell,PA,1
Shippensburg,PA,1
Butler,PA,1
Brockway,PA,1
Kane,PA,1
Selinsgrove,PA,1
Warren,PA,1
Mill Hall,PA,1
Waynesboro,PA,1
Ashland,PA,1
Souderton,PA,1
Bloomsburg,PA,1
Royersford,PA,1
Freedom,PA,1
Hanover,PA,1
New Hope,PA,1
Industry,PA,1
Shenandoah,PA,1
Prospect Park,PA,1
Ellwood City,PA,1
Oakmont,PA,1
Wellsville,NY,1
Warwick,NY,1
Floral Park,NY,1
Malverne,NY,1
Canandaigua,NY,1
Great Neck,NY,1
Philadelphia,NY,1
Bronxville,NY,1
Chatham,NY,1
Corning,NY,1
Oakfield,NY,1
Marcellus,NY,1
Honeoye Falls,NY,1
Geneva,NY,1
Long Beach,NY,1
Camillus,NY,1
Hilton,NY,1
Beacon,NY,1
Newark,NY,1
Pulaski,NY,1
Rensselaer,NY,1
Yonkers,NY,1
Amsterdam,NY,1
Freeport,NY,1
Owego,NY,1
Victor,NY,1
Cedarhurst,NY,1
Saratoga Springs,NY,1
Hornell,NY,1
Wappingers Falls,NY,1
Westhampton Beach,NY,1
Kingston,NY,1
Elmsford,NY,1
New Paltz,NY,1
Elmira,NY,1
East Syracuse,NY,1
Youngstown,NY,1
Groton,NY,1
Clyde,NY,1
Millbrook,NY,1
Goshen,NY,1
Tarrytown,NY,1
Skaneateles,NY,1
New York,NY,1
Scarsdale,NY,1
Brockport,NY,1
Tallapoosa,GA,1
Temple,GA,1
Clarkston,GA,1
Bremen,GA,1
Nashville,GA,1
Rockmart,GA,1
Warrenton,GA,1
Sparta,GA,1
Commerce,GA,1
Lyons,GA,1
Manchester,GA,1
Jasper,GA,1
Ellaville,GA,1
Forest Park,GA,1
West Point,GA,1
Pelham,GA,1
Guyton,GA,1
Bloomingdale,GA,1
Butler,GA,1
Metter,GA,1
Ellijay,GA,1
Eatonton,GA,1
Soperton,GA,1
Athens,TN,1
Bruceton,TN,1
Spring Hill,TN,1
Gatlinburg,TN,1
Carthage,TN,1
Loudon,TN,1
Newbern,TN,1
Martin,TN,1
Lawrenceburg,TN,1
Adamsville,TN,1
Medina,TN,1
Portland,TN,1
Sweetwater,TN,1
Lenoir City,TN,1
Shelbyville,TN,1
Fairview,TN,1
Tiptonville,TN,1
Church Hill,TN,1
Mount Pleasant,TN,1
Greenback,TN,1
Dresden,TN,1
Halls,TN,1
Chapel Hill,TN,1
Dickson,TN,1
Lexington,MS,1
Houston,MS,1
Snow Hill,MD,1
Westminster,MD,1
Hagerstown,MD,1
Poolesville,MD,1
Williamsport,MD,1
Walkersville,MD,1
Frostburg,MD,1
Brunswick,MD,1
Lafayette,CO,1
Commerce City,CO,1
Holyoke,CO,1
Golden,CO,1
Wheat Ridge,CO,1
Canon City,CO,1
Ault,CO,1
Burlington,CO,1
Palisade,CO,1
Westminster,CO,1
Carbondale,CO,1
Keenesburg,CO,1
Limon,CO,1
Brush,CO,1
Wray,CO,1
Lansing,IL,1
Northbrook,IL,1
Elk Grove Village,IL,1
Moline,IL,1
Du Quoin,IL,1
Macon,IL,1
Waterloo,IL,1
Dixon,IL,1
La Salle,IL,1
Canton,IL,1
Niles,IL,1
Evergreen Park,IL,1
Stockton,IL,1
Tuscola,IL,1
Troy,IL,1
Calumet City,IL,1
Mount Carmel,IL,1
Gilman,IL,1
Mascoutah,IL,1
Tinley Park,IL,1
Sterling,IL,1
Wheeling,IL,1
Grayslake,IL,1
Maroa,IL,1
Carpentersville,IL,1
Hampshire,IL,1
New Berlin,IL,1
Momence,IL,1
Orion,IL,1
Washington,IL,1
Farmington,IL,1
Westchester,IL,1
Rockton,IL,1
Nashville,IL,1
Machesney Park,IL,1
Prophetstown,IL,1
Macomb,IL,1
Streamwood,IL,1
Jerseyville,IL,1
Fairbury,IL,1
Richton Park,IL,1
Bensenville,IL,1
Huntley,IL,1
Wauconda,IL,1
Yorkville,IL,1
Midlothian,IL,1
Port Byron,IL,1
Plano,IL,1
Sparta,IL,1
Byron,IL,1
Belvidere,IL,1
Clinton,IL,1
Urbana,IL,1
Mattoon,IL,1
Union,MO,1
Charleston,MO,1
Sturgeon Bay,WI,1
Verona,WI,1
Portage,WI,1
Stratford,WI,1
Barron,WI,1
Fennimore,WI,1
Waupun,WI,1
Walworth,WI,1
Baldwin,WI,1
Algoma,WI,1
Rice Lake,WI,1
Fort Atkinson,WI,1
Williams Bay,WI,1
Watertown,WI,1
Augusta,WI,1
Elkhorn,WI,1
South Milwaukee,WI,1
Hayward,WI,1
Pulaski,WI,1
Black River Falls,WI,1
Spring Valley,WI,1
Whitewater,WI,1
Mauston,WI,1
La Crosse,WI,1
Muskego,WI,1
Two Rivers,WI,1
Sheboygan,WI,1
De Forest,WI,1
Grantsburg,WI,1
Saint Croix Falls,WI,1
Spencer,WI,1
River Falls,WI,1
Luxemburg,WI,1
Amherst,WI,1
Iola,WI,1
Superior,WI,1
Shawano,WI,1
Eagle River,WI,1
Wisconsin Rapids,WI,1
Wisconsin Dells,WI,1
Oshkosh,WI,1
Medford,WI,1
Waupaca,WI,1
Darlington,WI,1
Holmen,WI,1
Columbus,WI,1
New London,WI,1
Wautoma,WI,1
Osceola,WI,1
Monticello,WI,1
Pardeeville,WI,1
Fairmont,MN,1
Long Lake,MN,1
Hibbing,MN,1
Willmar,MN,1
Brainerd,MN,1
Sherburn,MN,1
Springfield,MN,1
Albert Lea,MN,1
Moose Lake,MN,1
Cloquet,MN,1
Hawley,MN,1
White Bear Lake,MN,1
Bemidji,MN,1
Stewartville,MN,1
Grand Rapids,MN,1
Ely,MN,1
Winona,MN,1
Jordan,MN,1
Forest Lake,MN,1
Mayer,MN,1
Hastings,MN,1
Elk River,MN,1
Glencoe,MN,1
Crosby,MN,1
Rushford,MN,1
Dodge Center,MN,1
Waseca,MN,1
Mound,MN,1
Cannon Falls,MN,1
Cold Spring,MN,1
Foley,MN,1
Eden Valley,MN,1
Lake Havasu City,AZ,1
Pima,AZ,1
Bisbee,AZ,1
Springerville,AZ,1
Saint Johns,AZ,1
Safford,AZ,1
Prescott Valley,AZ,1
Prescott,AZ,1
Maricopa,AZ,1
Globe,AZ,1
Williams,AZ,1
Dayton,OR,1
Dallas,OR,1
Astoria,OR,1
Redmond,OR,1
Aurora,OR,1
Hermiston,OR,1
Gold Beach,OR,1
Coos Bay,OR,1
Prineville,OR,1
Springfield,OR,1
Junction City,OR,1
Joseph,OR,1
Moab,UT,1
Coalville,UT,1
Grantsville,UT,1
Roy,UT,1
Kamas,UT,1
Gunnison,UT,1
Cedar City,UT,1
Beaver,UT,1
Garland,UT,1
Torrington,CT,1
Groton,CT,1
New Britain,CT,1
Shelton,CT,1
Meriden,CT,1
Danbury,CT,1
Taos,NM,1
Clovis,NM,1
Aztec,NM,1
Raton,NM,1
Grants,NM,1
Alamogordo,NM,1
Ruidoso,NM,1
Farmington,NM,1
Deming,NM,1
Spearfish,SD,1
Brookings,SD,1
Rapid City,SD,1
Beresford,SD,1
Aberdeen,SD,1
Harrisburg,SD,1
Watertown,SD,1
Fayetteville,WV,1
Weston,WV,1
Nitro,WV,1
Clarksburg,WV,1
Hurricane,WV,1
Bluefield,WV,1
Wellsburg,WV,1
Saint Albans,WV,1
Moorefield,WV,1
North Platte,NE,1
Columbus,NE,1
Hastings,NE,1
West Point,NE,1
Cozad,NE,1
Pierce,NE,1
Yutan,NE,1
Waverly,NE,1
Seward,NE,1
Syracuse,NE,1
York,NE,1
Central City,NE,1
Bennington,NE,1
Wahoo,NE,1
Hartington,NE,1
Rock Rapids,IA,1
West Branch,IA,1
Garner,IA,1
Parkersburg,IA,1
Baxter,IA,1
Oelwein,IA,1
Logan,IA,1
Clinton,IA,1
Williamsburg,IA,1
Cherokee,IA,1
Brooklyn,IA,1
Rock Valley,IA,1
Hampton,IA,1
Keokuk,IA,1
Oskaloosa,IA,1
Lake City,IA,1
Story City,IA,1
Denison,IA,1
Ottumwa,IA,1
Huxley,IA,1
Kalona,IA,1
Holstein,IA,1
Norwalk,IA,1
Waverly,IA,1
Chariton,IA,1
Algona,IA,1
Sioux Center,IA,1
Mediapolis,IA,1
Clarinda,IA,1
Manson,IA,1
Mount Vernon,IA,1
Spirit Lake,IA,1
Wellman,IA,1
Madrid,IA,1
Manchester,IA,1
Vinton,IA,1
Carroll,IA,1
Denver,IA,1
Perry,IA,1
Fitchburg,MA,1
Lynn,MA,1
Melrose,MA,1
Gloucester,MA,1
Peabody,MA,1
Scott City,KS,1
Norton,KS,1
La Crosse,KS,1
Hesston,KS,1
Junction City,KS,1
Leavenworth,KS,1
Sterling,KS,1
Goddard,KS,1
Towanda,KS,1
Eudora,KS,1
Hiawatha,KS,1
Atchison,KS,1
Rossville,KS,1
Smith Center,KS,1
Sedgwick,KS,1
Haven,KS,1
Saint Marys,KS,1
Horton,KS,1
Altamont,KS,1
Emporia,KS,1
Phillipsburg,KS,1
Winfield,KS,1
Atwood,KS,1
Beloit,KS,1
Bonner Springs,KS,1
Ottawa,KS,1
Sedan,KS,1
Georgetown,DE,1
Smyrna,DE,1
Hanover,NH,1
Concord,NH,1
Manchester,NH,1
Emmett,ID,1
Marsing,ID,1
Glenns Ferry,ID,1
Moscow,ID,1
Payette,ID,1
Gooding,ID,1
Twin Falls,ID,1
Rigby,ID,1
Rupert,ID,1
Shelley,ID,1
Afton,WY,1
Rock Springs,WY,1
Sheridan,WY,1
Jackson,WY,1
Evanston,WY,1
Torrington,WY,1
Wasilla,AK,1
North Pole,AK,1
Great Falls,MT,1
Libby,MT,1
Stevensville,MT,1
Columbus,MT,1
East Providence,RI,1
Portland,ME,1
Williston,ND,1
Bismarck,ND,1
Rolla,ND,1
West Fargo,ND,1